"requirement_id","priority","requirement_summary","primary_wp","supporting_wps","agent_task_ids","test_case_ids","acceptance_scenario","evidence_artifact","release_gate","phase","release","status"
"ARC-01","P0","`ProjectRevision` 是已应用共享数据的唯一聚合根，插件通过领域命令原子地产生新修订","WP-04","WP-03","WP-04-T01;WP-04-T02;WP-04-T05;WP-03-T01;WP-03-T02;WP-03-T03;WP-03-T04;WP-03-T05;WP-14-T06","PathSafetyTest;CommandRevisionTest;ProjectCommandContractTest","项目命令和并发修改契约测试；A-GATE-02；每次应用只产生一个原子修订","out/test-evidence/wp-04/<run-id>/","A-GATE-02","A","R1","Planned"
"ARC-02","P0","业务插件只能通过第 6.3 节稳定端口协作，不读取其他插件控件、内存对象或私有文件","WP-01","-","WP-01-T01;WP-01-T02","old-plugin-dependency;widget-header;unregistered-library","构建依赖与静态扫描；业务插件无 Widget/私有文件互依","out/test-evidence/wp-01/<run-id>/","A-GATE-01～07/B-GATE/C-GATE/D-GATE/R-GATE","A～E","R1","Planned"
"ARC-03","P0","运行时运动学真值唯一（第 7.3 节）：一切 FK/IK/轨迹/动力计算只消费从权威参数化确定性编译的 SE(3) 关节链规范模型","WP-06","WP-03","WP-06-T01;WP-06-T02;WP-06-T03;WP-06-T05;WP-03-T01;WP-03-T02;WP-03-T03;WP-03-T04;WP-03-T05","CanonicalModelTest;NameMapTest;DualCompileTest","规范计算模型编译与等价测试；同一权威模型编译前后 FK/世界轴线一致；DH 编辑后重编译","out/test-evidence/wp-06/<run-id>/","A-GATE-01～07/B-GATE","A/B","R1","Planned"
"ARC-04","P0","跨插件、结果和持久化引用使用稳定对象 ID；RobWork 设备作用域全名只由第 6.7 节统一名称解析器生成/反解，禁止各插件自行拼接、剥离或猜测机械臂名称前缀","WP-06","WP-03","WP-06-T01;WP-06-T02;WP-06-T03;WP-06-T05;WP-03-T02;WP-03-T03;WP-03-T04;WP-03-T05;WP-13-T07","CanonicalModelTest;NameMapTest;DualCompileTest","稳定身份与 RuntimeNameMap 契约测试、代码扫描；A-GATE-06、AT-18；业务插件无名称前缀拼接/剥离","out/test-evidence/wp-06/<run-id>/","A-GATE-06/B-GATE","A/B","R1","Planned"
"ARC-05","P0","跨插件工程逻辑遵循第 6.7 节统一策略契约；碰撞等共享规则只有一个权威策略对象和一个共享评估实现，插件不得持有影响计算的私有开关、默认值或重复算法","WP-07","WP-03","WP-07-T01;WP-07-T02;WP-07-T03;WP-07-T04;WP-07-T05;WP-03-T02;WP-03-T03;WP-03-T04;WP-03-T05;WP-15-T08;WP-20-T08","PolicyNormalizationTest;unknownDistanceFallback;PathProtocolTest","EngineeringPolicySet 与共享评估器契约测试；A-GATE-07、AT-19；同一策略只存在一个权威实现","out/test-evidence/wp-07/<run-id>/","A-GATE-07/C-GATE","A/C","R1","Planned"
"CON-01","P0","持久化对象使用统一身份/版本包络；分析从完整不可变快照运行","WP-05","WP-04","WP-05-T01;WP-05-T02;WP-05-T03;WP-05-T04;WP-04-T01;WP-04-T02;WP-04-T04;WP-04-T05","sliceHash;snapshotId;ResultStatusTest","对象包络、快照复算和版本拒绝测试；相同快照满足 NFR-COR-02","out/test-evidence/wp-05/<run-id>/","A-GATE-01～07","A","R1","Planned"
"CON-02","P0","结果完整性、当前性和工程判定正交；旧结果保留为原快照历史证据","WP-05","-","WP-05-T01;WP-05-T02;WP-05-T03;WP-05-T04;WP-20-T06","sliceHash;snapshotId;ResultStatusTest","历史结果完整性/当前性矩阵；A-GATE-02/03，Superseded 不改变历史 payload","out/test-evidence/wp-05/<run-id>/","A-GATE-02","A","R1","Planned"
"CON-03","P0","Verified/正式报告引用的外部资源必须有项目内不可变副本并受引用保护","WP-04","WP-05","WP-04-T01;WP-04-T02;WP-04-T03;WP-04-T04;WP-05-T01;WP-05-T02;WP-05-T03;WP-05-T04","PathSafetyTest;CommandRevisionTest;ProjectCommandContractTest","删除/覆盖外部源文件后的 Verified 复算；项目内副本可用，引用资源不得被垃圾回收","out/test-evidence/wp-04/<run-id>/","A-GATE-01～07/B-GATE","A/B","R1","Planned"
"CON-04","P0","缓存和检查点按第 12 章契约判断命中与兼容，部分/失败结果不得作为正式缓存命中","WP-08","WP-05","WP-08-T02;WP-08-T04;WP-08-T05;WP-05-T01;WP-05-T02;WP-05-T03;WP-05-T04;WP-20-T05;WP-21-T03;WP-23-T02","RequestIdentityTest;CacheCheckpointTest;BoundedParallelismTest","缓存键差异、部分结果和检查点版本测试；非法命中为 0；不兼容检查点明确拒绝","out/test-evidence/wp-08/<run-id>/","A-GATE-01～07/D-GATE","A/D","R1/R2","Planned"
"CON-05","P0","评估输入切片与依赖清单（第 7.1、7.4 节）：缓存、当前性与失效基于切片内容身份，不基于整个项目修订","WP-05","-","WP-05-T01;WP-05-T02;WP-05-T03;WP-05-T04;WP-14-T06","sliceHash;snapshotId;ResultStatusTest","依赖切片失效矩阵测试；AT-05：电机成本不使运动学/轨迹失效；TCP 失效运动学及下游","out/test-evidence/wp-05/<run-id>/","A-GATE-01～07","A","R1","Planned"
"CON-06","P0","每个计算快照保存已解析的 `EngineeringPolicySet` 版本/内容身份和执行时 `RuntimeNameMap`；策略进入依赖切片与缓存键，运行时名称必须先反解为对象 ID 才能接纳结果。同一快照从不同插件入口调用同一评估器时对象解析和工程判定一致","WP-05","WP-06;WP-07","WP-05-T01;WP-05-T02;WP-05-T03;WP-05-T04;WP-06-T01;WP-06-T02;WP-06-T03;WP-06-T05;WP-07-T01;WP-07-T02;WP-07-T04;WP-07-T05","sliceHash;snapshotId;ResultStatusTest","快照策略/名称映射往返与跨入口复算；AT-18、AT-19；策略进入输入切片/缓存；名称映射进入快照并在结果接纳前完成对象 ID 校验","out/test-evidence/wp-05/<run-id>/","A-GATE-01～07/C-GATE","A/C","R1","Planned"
"DEL-01","P0","交付材料包齐备并经签署复核：发布检查表链接全部试点实际工件，样例项目、报告模板、安装说明、用户手册与培训材料齐备（对应 WP-25-T05）","WP-25","WP-24","WP-25-T05","release-checklist-review","交付检查表核对与缺陷登记表签署复核；检查表全部链接 T01～T05 实际工件；开放 Blocker 为 0，遗留 Critical 有负责人与计划日期","out/test-evidence/wp-25/<run-id>/","R-GATE","E","R1","Planned"
"DEL-02","P0","试点缺陷门禁：开放 Blocker 为 0，遗留 Critical 均有负责人、影响说明与计划日期；登记表不得以降低阈值或隐藏诊断方式关闭缺陷（对应 WP-25-T04）","WP-25","WP-00","WP-25-T04","defect-register-review","交付检查表核对与缺陷登记表签署复核；检查表全部链接 T01～T05 实际工件；开放 Blocker 为 0，遗留 Critical 有负责人与计划日期","out/test-evidence/wp-25/<run-id>/","R-GATE","E","R1","Planned"
"DYN-01","P0","基于 RobWorkSim 刚体模型和递归牛顿—欧拉计算逆动力学","WP-17","-","WP-17-T01;WP-17-T02","SemanticFreezeTest;SemanticsVersionRegistered;ZeroSpeedCoulombContinuous","二连杆、静态重力矩和完整循环包络（类型化广义力）；AT-07、第 15.3 节动力学/RMS 容差","out/test-evidence/wp-17/<run-id>/","C-GATE","C","R1","Planned"
"DYN-02","P0","支持重力、连杆惯性、末端负载、外部力以及黏性+库仑关节摩擦模型","WP-17","-","WP-17-T01;WP-17-T02","SemanticFreezeTest;SemanticsVersionRegistered;ZeroSpeedCoulombContinuous","二连杆、静态重力矩和完整循环包络（类型化广义力）；AT-07、第 15.3 节动力学/RMS 容差","out/test-evidence/wp-17/<run-id>/","C-GATE","C","R1","Planned"
"DYN-03","P0","输出每轴转角/位移、转速、加速度、类型化广义力（转动 N·m、移动 N）、机械功率、峰值和 RMS 包络；峰值必须报告持续时间窗和所在轨迹段，RMS 基于完整任务循环（含驻留）","WP-17","-","WP-17-T03;WP-18-T04","PowerEnergyTest;WPlusTrapezoidMatchesGolden;PowerSignConvention","二连杆、静态重力矩和完整循环包络（类型化广义力）；AT-07、第 15.3 节动力学/RMS 容差","out/test-evidence/wp-17/<run-id>/","C-GATE","C","R1","Planned"
"DYN-04","P0","输出与候选传动无关的关节侧结果；共享计算层提供唯一 `DriveTrainMappingEvaluator`，映射契约见下文冻结清单","WP-18","WP-17","WP-18-T01;WP-18-T02;WP-18-T03;WP-18-T04;WP-18-T05;WP-17-T06","MappingSemanticsTest;ConstantsAreFrozen;driveTrainInertiaFormulaVersion","传动映射契约黄金数据（双向效率、反射惯量、摩擦不重复、峰值窗/RMS）；关节侧结果不随器件候选改变；电机侧逐组合可复算；15.1 传动映射黄金数据","out/test-evidence/wp-18/<run-id>/","C-GATE","C","R1","Planned"
"DYN-05","P0","使用明确控制输入、初始状态、步长和容差的 RobWorkSim 正动力学场景进行响应一致性检查和异常检测","WP-17","-","WP-17-T04","ForwardDynamicsTest;HAndHalfConvergesWithinLimits;NotConvergedReportsDiagnostic","正动力学一致性、可信等级、曲线和多工况测试；AT-07，输入、步长、容差和结果等级完整","out/test-evidence/wp-17/<run-id>/","C-GATE","C","R1","Planned"
"DYN-06","P0","物性或摩擦数据不足时标记可信等级，不把估算结果包装成精确结论","WP-17","-","WP-17-T05","InsufficientDataTest;MissingPropertiesDegradesToScreening;MissingFrictionContinuesZeroFriction","正动力学一致性、可信等级、曲线和多工况测试；AT-07，输入、步长、容差和结果等级完整","out/test-evidence/wp-17/<run-id>/","C-GATE","C","R1","Planned"
"DYN-07","P1","支持多负载工况、急停/保持等设计工况和结果包络合并","WP-17","-","WP-17-T03","PowerEnergyTest;WPlusTrapezoidMatchesGolden;PowerSignConvention","正动力学一致性、可信等级、曲线和多工况测试；AT-07，输入、步长、容差和结果等级完整","out/test-evidence/wp-17/<run-id>/","C-GATE","C","R1","Planned"
"DYN-08","P1","提供各关节曲线联动、峰值定位和三维轨迹时刻回放","WP-17","-","WP-17-T03;WP-17-T07","PowerEnergyTest;DynamicsGuiTest;EnvelopeColumnsAndUnitsMatchSpecification","正动力学一致性、可信等级、曲线和多工况测试；AT-07，输入、步长、容差和结果等级完整","out/test-evidence/wp-17/<run-id>/","C-GATE","C","R1","Planned"
"ERR-01","P0","执行状态、工程判定和诊断类别正交；稳定诊断项以 `subjectObjectId` 绑定对象，并包含局部/运行时名称、实际值、期望值和建议动作","WP-09","-","WP-09-T01;WP-09-T02;WP-09-T03;WP-09-T05","DiagnosticSchemaTest;CatalogTermsTest;DiagnosticCatalogContractTest","输入、工程、系统诊断黄金数据；AT-03、08、13；必需诊断字段完整","out/test-evidence/wp-09/<run-id>/","A-GATE-01～07/B-GATE/C-GATE/D-GATE/R-GATE","A～E","R1","Planned"
"EVI-01","P0","评估模式、证据等级与 `RequiredEvidenceProfile` 契约及第 6.6 节正式可行判定全局唯一","WP-05","WP-12","WP-05-T02;WP-05-T03;WP-05-T04;WP-05-T05;WP-12-T01;WP-12-T02;WP-12-T03;WP-12-T04;WP-12-T05;WP-12-T06","snapshotId;ResultStatusTest;EvaluatorContractTest","证据等级与 RequiredEvidenceProfile 组合测试；正式可行判定矩阵全覆盖；证据不足不得显示通过","out/test-evidence/wp-05/<run-id>/","A-GATE-01～07/B-GATE","A/B","R1","Planned"
"KIN-01","P0","提供当前姿态 FK、TCP、Jacobian、奇异值、条件数、可操作度和关节裕量；Jacobian 与可操作度使用第 15.3 节统一尺度规则","WP-15","-","WP-15-T01;WP-15-T03","FkMatchesAnalyticReferencePoses;FkRejectsUnresolvableReference;FkWorldJointAxesFollowCanonicalChain","FK/IK/Jacobian 解析与排序黄金测试；AT-03、第 15.3 节容差（含 Jacobian 统一尺度）和稳定顺序","out/test-evidence/wp-15/<run-id>/","B-GATE","B","R1","Planned"
"KIN-02","P0","对单个目标执行多初值 IK；先过滤不满足残差/关节/碰撞硬条件的解，再按裕量、可操作度、当前距离和稳定编号排序","WP-15","-","WP-15-T02","IkCandidateOrderingTest.ApplicableBeforeResidual;IkMultiStartConvergesWithinTaskTolerance;IkFiltersResidualOverToleranceWithReason","FK/IK/Jacobian 解析与排序黄金测试；AT-03、第 15.3 节容差（含 Jacobian 统一尺度）和稳定顺序","out/test-evidence/wp-15/<run-id>/","B-GATE","B","R1","Planned"
"KIN-03","P0","批量验证任务点，分别报告可行、工程不可行和数据不足","WP-15","-","WP-15-T06","BatchRequiresCompleteRunIdentity;BatchFixedSequenceReproducesByteStable;LateCallbackAppendsOriginalBranchHistoryOnly","可行、不可行、无碰撞证据和区域覆盖数据集；AT-03，缺证据必须为 DataInsufficient","out/test-evidence/wp-15/<run-id>/","B-GATE","B","R1","Planned"
"KIN-04","P0","对工作区域按位置和姿态采样，分别给出位置覆盖率与姿态覆盖率","WP-15","-","WP-15-T04","CoverageDenominatorMatchesFrozenDefinition;GridSamplesIncludeBoundary;UserCancelYieldsCanceledNotEvaluatedPartial","可行、不可行、无碰撞证据和区域覆盖数据集；AT-03，缺证据必须为 DataInsufficient","out/test-evidence/wp-15/<run-id>/","B-GATE","B","R1","Planned"
"KIN-05","P0","需要碰撞证据时，缺少碰撞检测器必须返回数据不足，不得视为无碰撞","WP-15","WP-07","WP-15-T05;WP-07-T01;WP-07-T02;WP-07-T03","EvidenceMatchesSharedEvaluatorVerdict;MissingDetectorYieldsDataInsufficient;WordingFrozenToQualifiedNoCollision","可行、不可行、无碰撞证据和区域覆盖数据集；AT-03，缺证据必须为 DataInsufficient","out/test-evidence/wp-15/<run-id>/","B-GATE","B","R1","Planned"
"KIN-06","P0","双击任务或候选只改变会话姿态，不修改设计模型、不触发结果失效","WP-15","WP-10","WP-15-T07;WP-10-T01;WP-10-T02","CandidatePreviewDoesNotCreateRevision;DoubleClickOnlyChangesSessionPose;ExplicitApplyGoesThroughCommandPort","Jog、候选应用、筛选和导出 GUI/往返测试；AT-04、AT-05","out/test-evidence/wp-15/<run-id>/","B-GATE","B","R1","Planned"
"KIN-07","P1","在三维视图中显示失败点、薄弱区、碰撞对象和最差关节裕量","WP-15","-","WP-15-T07","CandidatePreviewDoesNotCreateRevision;DoubleClickOnlyChangesSessionPose;ExplicitApplyGoesThroughCommandPort","Jog、候选应用、筛选和导出 GUI/往返测试；AT-04、AT-05","out/test-evidence/wp-15/<run-id>/","B-GATE","B","R1","Planned"
"KIN-08","P1","支持结果筛选、最差项排序、JSON/CSV 导出和批量复算","WP-15","-","WP-15-T07","CandidatePreviewDoesNotCreateRevision;DoubleClickOnlyChangesSessionPose;ExplicitApplyGoesThroughCommandPort","Jog、候选应用、筛选和导出 GUI/往返测试；AT-04、AT-05","out/test-evidence/wp-15/<run-id>/","B-GATE","B","R1","Planned"
"MDL-01","P0","支持从 4～7 轴串联模板创建新模型，逐轴定义转动/移动关节、轴线、零位和限制","WP-13","WP-22","WP-13-T01;WP-13-T02;WP-22-T06","ModelFixtureTest;ProjectEntryModelTest;BlankAndSampleCreateThroughProjectCommand","DH/显式关节三套黄金模型与不可表达样本；AT-01、AT-16，第 15.3 节关节/FK/转换容差","out/test-evidence/wp-13/<run-id>/","B-GATE/R-GATE","B","R1","Planned"
"MDL-02","P0","支持 `StandardDH` 与显式 `Joint Type + Origin Pose + Axis` 两种权威参数化；权威源互斥、派生表示只读，并遵循第 7.3 节的切换规则","WP-13","-","WP-13-T01;WP-13-T04","ModelFixtureTest;NotRepresentable;DhConversionTest","DH/显式关节三套黄金模型与不可表达样本；AT-01、AT-16，第 15.3 节关节/FK/转换容差","out/test-evidence/wp-13/<run-id>/","B-GATE","B","R1","Planned"
"MDL-03","P0","支持 URDF 导入，输出字段映射、默认补全、忽略项和不支持项报告；不得静默猜测、降级关节类型，或未经用户明确选择便排除可动分支","WP-13","-","WP-13-T01;WP-13-T03","ModelFixtureTest;Defaulted;UrdfImportTest","任意轴、缺失/零轴、连续/移动关节、分支与不支持关节 URDF 集；AT-01、AT-15、AT-17；所有默认、确认、规范化、阻断和排除内容可观察","out/test-evidence/wp-13/<run-id>/","B-GATE","B","R1","Planned"
"MDL-04","P0","支持视觉与碰撞网格、基座、法兰、默认 TCP、Home/Zero 和自碰撞配置","WP-13","-","WP-13-T01","ModelFixtureTest","网格、碰撞对、关节树和三维选择 GUI/契约测试；AT-01、AT-03","out/test-evidence/wp-13/<run-id>/","B-GATE","B","R1","Planned"
"MDL-05","P0","对实心/空心圆截面和矩形截面按材料密度与解析几何估算质量、质心、惯量，并允许权威值覆盖","WP-13","-","WP-13-T05","MaterialToolTest","圆管、实心圆、矩形解析质量/惯量算例；第 15.3 节动力学相对容差","out/test-evidence/wp-13/<run-id>/","B-GATE","B","R1","Planned"
"MDL-06","P0","用户应用模型修改时，从同一 `RobotDesign` 原子编译 WorkCell 与 DynamicWorkCell；任一编译失败均不提交新修订","WP-13","WP-06","WP-13-T06;WP-06-T01;WP-06-T02;WP-06-T04","CompiledRobotArtifacts;RuntimeCompileTest;CanonicalModelTest","WorkCell/DynamicWorkCell 双编译故障注入；任一失败时项目修订不变化","out/test-evidence/wp-13/<run-id>/","B-GATE","B","R1","Planned"
"MDL-07","P1","提供关节树、参数表和三维选择联动，选中对象时只显示相关属性","WP-13","-","WP-13-T05;WP-13-T08","MaterialToolTest;ModelingGuiTest","网格、碰撞对、关节树和三维选择 GUI/契约测试；AT-01、AT-03","out/test-evidence/wp-13/<run-id>/","B-GATE","B","R1","Planned"
"MDL-08","P1","支持基线方案与候选方案差异比较，不直接覆盖原始基线","WP-13","-","WP-13-T02;WP-13-T07;WP-21-T05","robotId;buildCommand;DomainEditorTest","基线与候选分支测试；AT-12，基线内容不变化","out/test-evidence/wp-13/<run-id>/","B-GATE","B","R1","Planned"
"MDL-09","P0","`Axis` 是独立、可持久化和可追溯的一等字段；在 `ExplicitJoint` 权威模式下可编辑，在 `StandardDH` 模式下为只读派生字段。修改权威轴线属于设计变更并使运动学及实际依赖的下游结果需要重算","WP-13","-","WP-13-T04;WP-06-T04","NotRepresentable;DhConversionTest;AxisAdapterTest","DH/显式关节三套黄金模型与不可表达样本；AT-01、AT-16，第 15.3 节关节/FK/转换容差","out/test-evidence/wp-13/<run-id>/","B-GATE","B","R1","Planned"
"MDL-10","P0","DH→通用关节必须对运动学语义无损；通用关节→DH 输出第 7.3 节四种工程判定之一，求解失败另报 `AnalysisFailed`。只有精确结果通过等价验证后才能成为权威 DH","WP-13","-","WP-13-T04;WP-06-T04","NotRepresentable;DhConversionTest;AxisAdapterTest","DH/显式关节三套黄金模型与不可表达样本；AT-01、AT-16，第 15.3 节关节/FK/转换容差","out/test-evidence/wp-13/<run-id>/","B-GATE","B","R1","Planned"
"MDL-11","P0","URDF 可动关节接受任意有限非零轴，不要求为 Z；缺失 `<axis>` 按 URDF 语义采用局部 +X 并形成待确认草稿，零轴或非法数值仅生成报告且不得提交新项目修订","WP-13","WP-22","WP-13-T01;WP-13-T03;WP-22-T06","ModelFixtureTest;UrdfImportTest;UrdfCreatesProjectInsteadOfImportingModel","任意轴、缺失/零轴、连续/移动关节、分支与不支持关节 URDF 集；AT-01、AT-15、AT-17；所有默认、确认、规范化、阻断和排除内容可观察","out/test-evidence/wp-13/<run-id>/","B-GATE/R-GATE","B","R1","Planned"
"MDL-12","P0","URDF 首版支持 revolute、continuous、prismatic、fixed 和单条 4～7 轴可动串联主链。多可动分支只有在用户明确选择一条主链后才能形成模型；目标链上的不支持关节或耦合必须阻止形成可计算/可发布模型，不得转成 FixedFrame 或通过选择绕过","WP-13","-","WP-13-T01;WP-13-T03","ModelFixtureTest;Defaulted;UrdfImportTest","任意轴、缺失/零轴、连续/移动关节、分支与不支持关节 URDF 集；AT-01、AT-15、AT-17；所有默认、确认、规范化、阻断和排除内容可观察","out/test-evidence/wp-13/<run-id>/","B-GATE","B","R1","Planned"
"MDL-13","P0","支持工具定义编辑（安装接口、工具 TCP、几何、质量、质心、惯量）；`RobotDesign` 保存法兰与默认 TCP，任务与负载通过引用使用 `ToolDefinition`，不复制工具几何","WP-13","-","WP-13-T02;WP-13-T05;WP-13-T08","robotId;buildCommand;DomainEditorTest","工具定义编辑与引用测试；法兰/默认 TCP 与工具 TCP 分离，负载引用不复制几何","out/test-evidence/wp-13/<run-id>/","B-GATE","B","R1","Planned"
"MDL-14","P0","编译 WorkCell/DynamicWorkCell 时生成完整 `RuntimeNameMap`；关节、Frame、限位、几何、碰撞/临近规则和动力学引用必须通过对象 ID 解析为同一 `RobotName.LocalName`，不得遗漏前缀、重复前缀或引用旧机械臂名称","WP-13","WP-06","WP-13-T06;WP-13-T07;WP-06-T01;WP-06-T02;WP-06-T04","CompiledRobotArtifacts;RuntimeCompileTest;objectId","设备作用域名称黄金模型、导入和重命名测试；AT-18；全部 RobWork 引用经对象 ID 唯一解析，无漏/旧/双前缀","out/test-evidence/wp-13/<run-id>/","B-GATE","B","R1","Planned"
"NFR-COR-01","P0","核心运动学、轨迹和动力学算法必须有解析算例或独立参考实现对照，并满足第 15.3 节默认容差","WP-02","WP-23","WP-02-T01;WP-02-T02;WP-02-T03;WP-02-T04;WP-23-T01;WP-23-T03;WP-23-T05","LoaderRejectsMissingSampleFile;LoaderRejectsSha256Mismatch;LoaderRejectsDuplicateSampleId","解析、参考实现、复算和报告证据审计；第 15.3 节容差（含两层容差），正式结果证据字段完整","out/test-evidence/wp-02/<run-id>/","B-GATE/C-GATE/D-GATE/R-GATE","B～E","R1","Planned"
"NFR-COR-02","P0","同一输入、软件版本、配置、线程数和随机种子产生等价候选集合与稳定排序；并行归约数值满足第 15.3 节容差，不要求浮点文件逐字节相同","WP-23","WP-08","WP-23-T01;WP-23-T03;WP-23-T04;WP-23-T05;WP-05-T04;WP-05-T05;WP-08-T01;WP-08-T02;WP-08-T04;WP-08-T05","SystemSuiteTest;BenchmarkTest;DeterminismTest","解析、参考实现、复算和报告证据审计；第 15.3 节容差（含两层容差），正式结果证据字段完整","out/test-evidence/wp-23/<run-id>/","B-GATE/C-GATE/D-GATE/R-GATE","B～E","R1","Planned"
"NFR-COR-03","P0","非有限数、非法单位和引用缺失不得静默转换为 0 或默认通过","WP-03","WP-11;WP-23","WP-03-T01;WP-03-T03;WP-03-T04;WP-11-T02;WP-11-T05;WP-23-T01;WP-23-T03;WP-23-T05","Angle;Length;SemanticsTest","解析、参考实现、复算和报告证据审计；第 15.3 节容差（含两层容差），正式结果证据字段完整","out/test-evidence/wp-03/<run-id>/","B-GATE/C-GATE/D-GATE/R-GATE","B～E","R1","Planned"
"NFR-COR-04","P0","正式报告中的每项结论必须能定位到自动输入快照和对应证据","WP-12","WP-05;WP-23","WP-12-T01;WP-12-T02;WP-12-T03;WP-12-T04;WP-12-T05;WP-12-T06;WP-05-T01;WP-05-T03;WP-05-T05;WP-23-T01;WP-23-T03;WP-23-T05","reportId;DesignVariantTest;PdfReportRenderer","解析、参考实现、复算和报告证据审计；第 15.3 节容差（含两层容差），正式结果证据字段完整","out/test-evidence/wp-12/<run-id>/","B-GATE/C-GATE/D-GATE/R-GATE","B～E","R1","Planned"
"NFR-COR-05","P0","同一规范状态、`CollisionPolicy` 和 `RuntimeNameMap` 从运动学、轨迹或优化入口调用共享碰撞评估器时，返回的对象 ID 对、碰撞判定和允许/排除原因完全一致","WP-07","WP-23","WP-07-T01;WP-07-T02;WP-07-T03;WP-07-T04;WP-06-T03;WP-06-T04;WP-15-T08;WP-20-T08;WP-23-T01;WP-23-T03;WP-23-T05","PolicyNormalizationTest;unknownDistanceFallback;PathProtocolTest","统一碰撞策略跨插件黄金测试；AT-19；对象 ID 对、判定和原因码完全一致","out/test-evidence/wp-07/<run-id>/","B-GATE/C-GATE","B/C","R1","Planned"
"NFR-DEP-01","P0","首版只对 Windows x64 做正式发布验收；保持跨平台编码习惯，但不承诺 Linux/macOS 同级质量","WP-24","WP-01","WP-24-T01;WP-24-T02;WP-01-T03;WP-01-T04","InstallerScriptTest;package.ps1;verify-package.ps1","干净 Windows 机器离线安装、卸载、并存和升级测试；安装包无开发机绝对路径，重构前格式明确拒绝","out/test-evidence/wp-24/<run-id>/","R-GATE","E","R1","Planned"
"NFR-DEP-02","P0","安装包包含所需 RobWork、RobWorkStudio、RobWorkSim、Qt 和运行库，不依赖开发机路径","WP-24","WP-01","WP-24-T01;WP-24-T02;WP-01-T04","InstallerScriptTest;package.ps1;verify-package.ps1","干净 Windows 机器离线安装、卸载、并存和升级测试；安装包无开发机绝对路径，重构前格式明确拒绝","out/test-evidence/wp-24/<run-id>/","R-GATE","E","R1","Planned"
"NFR-DEP-03","P0","支持企业内网离线安装、卸载和版本并存，不依赖在线账号或云服务","WP-24","WP-01","WP-24-T02;WP-24-T03","package.ps1;verify-package.ps1;WP-24-T03 检查表首项","干净 Windows 机器离线安装、卸载、并存和升级测试；安装包无开发机绝对路径，重构前格式明确拒绝","out/test-evidence/wp-24/<run-id>/","R-GATE","E","R1","Planned"
"NFR-DEP-04","P0","新项目格式从首版开始带 Schema 版本；拒绝重构前格式，已正式发布的新格式必须提供前向升级器","WP-04","WP-24","WP-04-T05;WP-24-T03","SchemaUpgradeTest;ProjectQueryContractTest;WP-24-T03 检查表首项","干净 Windows 机器离线安装、卸载、并存和升级测试；安装包无开发机绝对路径，重构前格式明确拒绝","out/test-evidence/wp-04/<run-id>/","R-GATE","E","R1","Planned"
"NFR-DEP-05","P0","冻结版本基线：正式基线记录本仓库 RobWork/RobWorkStudio/RobWorkSim 的锁定 commit/tag、Qt 与编译器版本、碰撞检测后端及版本、构建选项、已使用 API 清单和第三方许可证清单；所有文档引用与验收以锁定版本为准，不以漂移的网页手册版本为依据","WP-24","WP-01","WP-24-T03;WP-24-T04;WP-01-T05;WP-17-T04","WP-24-T03 检查表首项;InstallerScriptTest;t05-missing-fields","版本基线审计；基线清单完整、按锁定 commit 可复现构建","out/test-evidence/wp-24/<run-id>/","A-GATE-01～07/R-GATE","A/E","R1","Planned"
"NFR-MNT-01","P0","领域内核不得依赖 Qt Widgets；计算内核可由模型测试直接调用","WP-03","WP-01","WP-03-T02;WP-03-T05;WP-01-T02;WP-01-T03","DomainValuesTest;IdentityTest;check-boundaries.ps1","依赖扫描、代码审查、构建目标和删除清单；业务插件无 Widget 互依；旧目标和无用依赖归零","out/test-evidence/wp-03/<run-id>/","A-GATE-01～07/B-GATE/C-GATE/D-GATE/R-GATE","A～E","R1","Planned"
"NFR-MNT-02","P0","插件不得包含其他业务插件的 Widget 头文件或读取对方控件","WP-01","WP-24","WP-01-T01;WP-01-T02","old-plugin-dependency;widget-header;unregistered-library","依赖扫描、代码审查、构建目标和删除清单；业务插件无 Widget 互依；旧目标和无用依赖归零","out/test-evidence/wp-01/<run-id>/","A-GATE-01～07/B-GATE/C-GATE/D-GATE/R-GATE","A～E","R1","Planned"
"NFR-MNT-03","P0","同一指标、状态、单位转换和诊断文案只有一个权威定义","WP-03","WP-09","WP-03-T02;WP-03-T05;WP-09-T01;WP-09-T02;WP-09-T03;WP-09-T05","DomainValuesTest;IdentityTest;check-boundaries.ps1","依赖扫描、代码审查、构建目标和删除清单；业务插件无 Widget 互依；旧目标和无用依赖归零","out/test-evidence/wp-03/<run-id>/","A-GATE-01～07/B-GATE/C-GATE/D-GATE/R-GATE","A～E","R1","Planned"
"NFR-MNT-04","P0","禁止新增仅转发调用、没有边界价值的包装器和重复 DTO","WP-01","-","WP-03-T01","Angle;Length","依赖扫描、代码审查、构建目标和删除清单；业务插件无 Widget 互依；旧目标和无用依赖归零","out/test-evidence/wp-01/<run-id>/","A-GATE-01～07/B-GATE/C-GATE/D-GATE/R-GATE","A～E","R1","Planned"
"NFR-MNT-05","P0","代码审查检查循环依赖、未引用目标、重复实现、废弃构建选项和继续增长的巨型文件","WP-01","-","WP-01-T02","WP-01-T02 原生构建断言","依赖扫描、代码审查、构建目标和删除清单；业务插件无 Widget 互依；旧目标和无用依赖归零","out/test-evidence/wp-01/<run-id>/","A-GATE-01～07/B-GATE/C-GATE/D-GATE/R-GATE","A～E","R1","Planned"
"NFR-MNT-06","P0","新能力替换旧链路后，在同一阶段删除旧实现、仅验证旧接口的测试和无用依赖","WP-24","WP-01","WP-24-T01;WP-24-T03;WP-24-T05","InstallerScriptTest;WP-24-T03 检查表首项;WP-24-T05 检查表首项","依赖扫描、代码审查、构建目标和删除清单；业务插件无 Widget 互依；旧目标和无用依赖归零","out/test-evidence/wp-24/<run-id>/","A-GATE-01～07/B-GATE/C-GATE/D-GATE/R-GATE","A～E","R1","Planned"
"NFR-MNT-07","P0","静态检查和代码审查禁止业务插件新增 RobWork 名称前缀拼接/剥离、共享工程规则副本、影响计算的本地布尔开关或不同默认值；例外只能位于已登记的解析器/策略所有者实现","WP-01","WP-06;WP-07","WP-01-T01;WP-06-T01;WP-06-T02;WP-06-T05;WP-07-T04;WP-07-T05","old-plugin-dependency;widget-header;unregistered-library","名称处理、共享规则和本地计算开关静态扫描；非所有者目录命中为 0；例外清单有明确负责人和测试","out/test-evidence/wp-01/<run-id>/","A-GATE-01～07/B-GATE/C-GATE/D-GATE/R-GATE","A～E","R1","Planned"
"NFR-PERF-01","P0","在下述规模数据和 `benchmark-manifest.json` 中 `backgroundLoad` 定义的后台负载下，导航、选择、筛选、编辑和视图切换的 P95 响应不超过 200 ms，不出现超过 2 s 的无响应窗口；超过 1 s 的工作转后台","WP-23","WP-10","WP-23-T03;WP-10-T03;WP-10-T05","BenchmarkTest;CommonComponentsTest;ResponsiveListsTest","固定硬件与标准数据集三次运行取中位数；第 11.2 节交互与加载预算","out/test-evidence/wp-23/<run-id>/","C-GATE","C","R1","Planned"
"NFR-PERF-02","P0","取消请求在 2 s 内进入 Canceling 并停止派发新批次；普通批次 10 s 内结束，超时后允许终止独立工作进程并保留最近检查点","WP-23","WP-08","WP-23-T03;WP-08-T03","BenchmarkTest;Canceled;Failed","固定硬件与标准数据集三次运行取中位数；第 11.2 节交互与加载预算","out/test-evidence/wp-23/<run-id>/","C-GATE","C","R1","Planned"
"NFR-PERF-03","P0","成功加载、保存和分页浏览 5,000 个任务点、100,000 个采样结果和 10,000 个候选摘要，不一次性把全部明细装入界面","WP-23","WP-10","WP-23-T03;WP-10-T01;WP-10-T03;WP-10-T05;WP-10-T06","BenchmarkTest;WorkbenchShellGuiTest;ThreeScaleProfilesKeepPrimaryActionsVisible","固定硬件与标准数据集三次运行取中位数；第 11.2 节交互与加载预算","out/test-evidence/wp-23/<run-id>/","C-GATE","C","R1","Planned"
"NFR-PERF-04","P0","大任务使用分批、流式结果、缓存和检查点；主进程与全部工作进程合计峰值内存默认不超过物理内存的 70%，接近上限时先节流再给出资源不足诊断","WP-23","WP-08","WP-23-T03;WP-08-T05;WP-21-T01;WP-21-T02;WP-21-T03;WP-21-T04;WP-21-T05;WP-21-T06","BenchmarkTest;BoundedParallelismTest;JointSearchTest","优化规模化标准基准与恢复演练；第 11.2 节预算；检查点恢复统计不重复","out/test-evidence/wp-23/<run-id>/","D-GATE","D","R2","Planned"
"NFR-PERF-05","P0","在固定候选评估基准上，8 个工作线程相对单线程的中位吞吐提升不少于 4 倍，测量不包含首次编译和数据导入","WP-23","WP-08","WP-23-T03;WP-08-T05;WP-21-T01;WP-21-T02;WP-21-T03;WP-21-T04;WP-21-T05;WP-21-T06","BenchmarkTest;BoundedParallelismTest;JointSearchTest","优化规模化标准基准与恢复演练；第 11.2 节预算；检查点恢复统计不重复","out/test-evidence/wp-23/<run-id>/","D-GATE","D","R2","Planned"
"NFR-PERF-06","P0","10,000 个 Quick 候选加 100 个 Verified 候选的标准优化基准在 8 小时内结束；运行期间满足 NFR-PERF-01，并可从同版本兼容检查点恢复","WP-23","WP-08","WP-23-T03;WP-08-T05;WP-21-T01;WP-21-T02;WP-21-T03;WP-21-T04;WP-21-T05;WP-21-T06","BenchmarkTest;BoundedParallelismTest;JointSearchTest","优化规模化标准基准与恢复演练；第 11.2 节预算；检查点恢复统计不重复","out/test-evidence/wp-23/<run-id>/","D-GATE","D","R2","Planned"
"NFR-REL-01","P0","项目保存采用多文件事务：新版本目录整体写入 → 全部文件校验 → 清单/提交指针原子切换；失败或中断时旧版本保持完整，启动时忽略未提交版本并提供恢复诊断。单文件“暂存+原子替换”只用于版本目录内的资源写入，不承担跨文件一致性","WP-04","WP-23","WP-04-T01;WP-04-T02;WP-04-T03;WP-04-T04;WP-23-T01;WP-23-T05","PathSafetyTest;CommandRevisionTest;ProjectCommandContractTest","多文件保存故障注入、进程崩溃、恢复、外部资源和日志测试；A-GATE-04、AT-10、AT-11、AT-13","out/test-evidence/wp-04/<run-id>/","A-GATE-04/B-GATE/C-GATE/D-GATE/R-GATE","A～E","R1","Planned"
"NFR-REL-02","P0","工作进程崩溃只能导致当前任务失败，不得导致主界面退出或项目损坏","WP-08","WP-23","WP-08-T01;WP-08-T02;WP-08-T03;WP-08-T04;WP-21-T03;WP-21-T06;WP-23-T01;WP-23-T02;WP-23-T05","StateMachineTest;SchedulerContractTest;RequestIdentityTest","多文件保存故障注入、进程崩溃、恢复、外部资源和日志测试；A-GATE-04、AT-10、AT-11、AT-13","out/test-evidence/wp-08/<run-id>/","A-GATE-04/B-GATE/C-GATE/D-GATE/R-GATE","A～E","R1","Planned"
"NFR-REL-03","P0","未完成任务恢复后显示“已中断”，不得伪装为完整结果","WP-08","WP-23","WP-08-T01;WP-08-T03;WP-08-T04;WP-23-T01;WP-23-T05","StateMachineTest;SchedulerContractTest;Canceled","多文件保存故障注入、进程崩溃、恢复、外部资源和日志测试；A-GATE-04、AT-10、AT-11、AT-13","out/test-evidence/wp-08/<run-id>/","A-GATE-04/B-GATE/C-GATE/D-GATE/R-GATE","A～E","R1","Planned"
"NFR-REL-04","P0","外部网格和目录缺失或变化可检测，并提供重新关联入口","WP-11","WP-04","WP-11-T01;WP-11-T04;WP-04-T01;WP-04-T03;WP-04-T05;WP-23-T01;WP-23-T05","PathBudgetTest;CatalogVersion;CatalogImportTest","多文件保存故障注入、进程崩溃、恢复、外部资源和日志测试；A-GATE-04、AT-10、AT-11、AT-13","out/test-evidence/wp-11/<run-id>/","A-GATE-04/B-GATE/C-GATE/D-GATE/R-GATE","A～E","R1","Planned"
"NFR-REL-05","P0","日志分用户诊断和开发诊断；用户诊断不包含无意义调用栈或内部哈希","WP-09","-","WP-09-T01;WP-09-T03;WP-09-T04;WP-23-T01;WP-23-T05","DiagnosticSchemaTest;ErrorMappingTest;RedactedLoggingTest","多文件保存故障注入、进程崩溃、恢复、外部资源和日志测试；A-GATE-04、AT-10、AT-11、AT-13","out/test-evidence/wp-09/<run-id>/","A-GATE-04/B-GATE/C-GATE/D-GATE/R-GATE","A～E","R1","Planned"
"NFR-SEC-01","P0","URDF、网格、CSV 与项目包导入实施路径穿越防护，资源引用不得逃逸项目资源区","WP-11","WP-24","WP-11-T01;WP-11-T02;WP-11-T03;WP-11-T04;WP-11-T05","PathBudgetTest;CsvReaderTest;CsvReader","恶意路径、超预算、CSV 公式注入、插件白名单、安装完整性与日志脱敏测试；路径穿越和超限输入被拒绝；公式样式文本不执行且安全导出；未授权插件不加载；安装与日志满足对应安全契约","out/test-evidence/wp-11/<run-id>/","B-GATE/C-GATE/D-GATE/R-GATE","B～E","R1","Planned"
"NFR-SEC-02","P0","导入执行资源预算：单文件大小、XML/压缩包递归深度、解压总量的上限，超限拒绝并给出诊断","WP-11","WP-24","WP-11-T01;WP-11-T02;WP-11-T03;WP-11-T04;WP-11-T05","PathBudgetTest;CsvReaderTest;CsvReader","恶意路径、超预算、CSV 公式注入、插件白名单、安装完整性与日志脱敏测试；路径穿越和超限输入被拒绝；公式样式文本不执行且安全导出；未授权插件不加载；安装与日志满足对应安全契约","out/test-evidence/wp-11/<run-id>/","B-GATE/C-GATE/D-GATE/R-GATE","B～E","R1","Planned"
"NFR-SEC-03","P0","CSV 导入只按数据解析，不执行公式或命令；CSV 导出对以 `=、+、-、@` 开头且可能被表格软件解释为公式的文本字段执行统一转义，并在结构化证据中保留原始值","WP-11","WP-24","WP-11-T01;WP-11-T02;WP-11-T03;WP-11-T04;WP-11-T05;WP-12-T03;WP-12-T04;WP-14-T02","PathBudgetTest;CsvReaderTest;CsvReader","恶意路径、超预算、CSV 公式注入、插件白名单、安装完整性与日志脱敏测试；路径穿越和超限输入被拒绝；公式样式文本不执行且安全导出；未授权插件不加载；安装与日志满足对应安全契约","out/test-evidence/wp-11/<run-id>/","B-GATE/C-GATE/D-GATE/R-GATE","B～E","R1","Planned"
"NFR-SEC-04","P0","插件加载使用显式白名单，不自动扫描加载","WP-01","WP-24","WP-24-T01;WP-24-T04","InstallerScriptTest","恶意路径、超预算、CSV 公式注入、插件白名单、安装完整性与日志脱敏测试；路径穿越和超限输入被拒绝；公式样式文本不执行且安全导出；未授权插件不加载；安装与日志满足对应安全契约","out/test-evidence/wp-01/<run-id>/","B-GATE/C-GATE/D-GATE/R-GATE","B～E","R1","Planned"
"NFR-SEC-05","P0","安装包附带依赖清单（组件、版本、许可证、哈希）","WP-24","WP-01","WP-24-T01;WP-24-T02;WP-24-T04;WP-01-T05","InstallerScriptTest;package.ps1;verify-package.ps1","恶意路径、超预算、CSV 公式注入、插件白名单、安装完整性与日志脱敏测试；路径穿越和超限输入被拒绝；公式样式文本不执行且安全导出；未授权插件不加载；安装与日志满足对应安全契约","out/test-evidence/wp-24/<run-id>/","B-GATE/C-GATE/D-GATE/R-GATE","B～E","R1","Planned"
"NFR-SEC-06","P1","安装包签名与升级完整性校验","WP-24","-","WP-24-T05","WP-24-T05 检查表首项","安装包签名与升级完整性按企业部署策略单独验收；签名能力可用时验证安装与升级包完整性；未启用签名的环境记录例外并保持哈希校验","out/test-evidence/wp-24/<run-id>/","R-GATE","E","R1","Planned"
"NFR-SEC-07","P0","崩溃转储与日志不得记录凭据类敏感信息；用户本机路径按配置脱敏","WP-09","WP-24","WP-09-T01;WP-09-T04;WP-09-T05;WP-12-T04;WP-12-T06","DiagnosticSchemaTest;RedactedLoggingTest;StaticConsistencyTest","恶意路径、超预算、CSV 公式注入、插件白名单、安装完整性与日志脱敏测试；路径穿越和超限输入被拒绝；公式样式文本不执行且安全导出；未授权插件不加载；安装与日志满足对应安全契约","out/test-evidence/wp-09/<run-id>/","B-GATE/C-GATE/D-GATE/R-GATE","B～E","R1","Planned"
"OPT-01","P0","支持新机型和既有机型改型两种优化初始化方式","WP-20","WP-21","WP-20-T01;WP-20-T02;WP-21-T01;WP-21-T06","StudyDefinitionTest;RejectsUnregisteredBinding;RejectsWriteSetOverlap","新机型/改型、静态硬约束和静态 Pareto 人工小数据集 / 轨迹/动力/器件联合、并行、缓存、检查点和固定种子测试；AT-09 静态子集；不可行候选不进入可行集 / AT-09～AT-11，集合/排序满足第 15.3 节","out/test-evidence/wp-20/<run-id>/","B-GATE/D-GATE","B/D","R1/R2","Planned"
"OPT-02","P0","支持连续变量、量化变量和离散器件变量；改型项目默认锁定非授权参数","WP-20","WP-21","WP-20-T01;WP-20-T02;WP-21-T01;WP-21-T06","StudyDefinitionTest;RejectsUnregisteredBinding;RejectsWriteSetOverlap","新机型/改型、静态硬约束和静态 Pareto 人工小数据集 / 轨迹/动力/器件联合、并行、缓存、检查点和固定种子测试；AT-09 静态子集；不可行候选不进入可行集 / AT-09～AT-11，集合/排序满足第 15.3 节","out/test-evidence/wp-20/<run-id>/","B-GATE/D-GATE","B/D","R1/R2","Planned"
"OPT-03","P0","先执行拓扑/输入、运动学、碰撞、轨迹、动力和器件硬约束，再计算软目标","WP-20","WP-21","WP-20-T03;WP-21-T02;WP-21-T06","StaticConstraintTest;MustViolationExcludedFromFeasibleSet;FixedEvaluationOrderNotReordered","新机型/改型、静态硬约束和静态 Pareto 人工小数据集 / 轨迹/动力/器件联合、并行、缓存、检查点和固定种子测试；AT-09 静态子集；不可行候选不进入可行集 / AT-09～AT-11，集合/排序满足第 15.3 节","out/test-evidence/wp-20/<run-id>/","B-GATE/D-GATE","B/D","R1/R2","Planned"
"OPT-04","P0","输出 Pareto 非支配候选，不以单一加权总分代替工程取舍","WP-20","WP-21","WP-20-T04;WP-12-T02;WP-21-T02;WP-21-T04;WP-21-T06;WP-21-T07","StaticParetoTest;JointOptimizationGuiTest;CandidateTableHasEightMetrics","新机型/改型、静态硬约束和静态 Pareto 人工小数据集 / 轨迹/动力/器件联合、并行、缓存、检查点和固定种子测试；AT-09 静态子集；不可行候选不进入可行集 / AT-09～AT-11，集合/排序满足第 15.3 节","out/test-evidence/wp-20/<run-id>/","B-GATE/D-GATE","B/D","R1/R2","Planned"
"OPT-05","P0","采用分层联合策略：结构/传动外层探索，轨迹动力学校核与器件匹配内层反馈","WP-21","-","WP-21-T01;WP-21-T06","JointSearchTest;AcceptanceEvidenceTest","轨迹/动力/器件联合、并行、缓存、检查点和固定种子测试；AT-09～AT-11，集合/排序满足第 15.3 节","out/test-evidence/wp-21/<run-id>/","D-GATE","D","R2","Planned"
"OPT-06","P0","支持 Quick 筛选、Verified 复核、局部改进、缓存、并行、检查点和确定性随机种子","WP-20","WP-21","WP-20-T05;WP-21-T01;WP-21-T02;WP-21-T03;WP-21-T04;WP-21-T06","CacheDeterminismTest;CacheKeyCoversAllFourFields;DependencyChangePreventsHit","新机型/改型、静态硬约束和静态 Pareto 人工小数据集 / 轨迹/动力/器件联合、并行、缓存、检查点和固定种子测试；AT-09 静态子集；不可行候选不进入可行集 / AT-09～AT-11，集合/排序满足第 15.3 节","out/test-evidence/wp-20/<run-id>/","B-GATE/D-GATE","B/D","R1/R2","Planned"
"OPT-07","P0","候选比较指标与目标按第 9.3 节分层：默认八项比较指标全部计算与展示，默认激活 Pareto 目标为节拍、结构质量、器件成本三项，其余由用户显式激活","WP-20","WP-21","WP-20-T04;WP-20-T06;WP-12-T04;WP-21-T02;WP-21-T04;WP-21-T06","StaticParetoTest;OnlyThreeStageBMetricsComputable;DominanceRequiresToleranceExceededStrictWin","新机型/改型、静态硬约束和静态 Pareto 人工小数据集 / 指标分层、目标声明、分支复算、扰动协议和策略扩展测试；AT-09 静态子集；不可行候选不进入可行集 / AT-09、AT-12；只有满足 6.6 正式可行判定的候选进入最终比较","out/test-evidence/wp-20/<run-id>/","B-GATE/D-GATE","B/D","R1/R2","Planned"
"OPT-08","P0","候选归属于 `OptimizationRunResult`，不产生项目修订；预览候选不得修改基线；“设为当前方案”必须创建方案分支、产生新修订并完整复算","WP-20","WP-21","WP-20-T04;WP-20-T06;WP-20-T07;WP-12-T04;WP-12-T05;WP-21-T05;WP-21-T06;WP-21-T07","StaticParetoTest;JointOptimizationGuiTest;AdoptRequiresCurrentFormalReview","新机型/改型、静态硬约束和静态 Pareto 人工小数据集 / 指标分层、目标声明、分支复算、扰动协议和策略扩展测试；AT-09 静态子集；不可行候选不进入可行集 / AT-09、AT-12；只有满足 6.6 正式可行判定的候选进入最终比较","out/test-evidence/wp-20/<run-id>/","B-GATE/D-GATE","B/D","R1/R2","Planned"
"OPT-09","P0","按第 15.3 节扰动协议（区分有界公差验证、概率鲁棒性和敏感度抽查）对进入最终比较的候选执行灵敏度与鲁棒性复核","WP-21","-","WP-21-T04;WP-21-T06;WP-21-T07;WP-12-T04;WP-12-T05","ParetoRobustnessTest;JointOptimizationGuiTest;ParetoSelectionSynchronizesDetails","指标分层、目标声明、分支复算、扰动协议和策略扩展测试；AT-09、AT-12；只有满足 6.6 正式可行判定的候选进入最终比较","out/test-evidence/wp-21/<run-id>/","D-GATE","D","R2","Planned"
"OPT-10","P1","搜索策略通过接口扩展，首版不要求一次性引入所有先进优化算法","WP-21","-","WP-21-T01;WP-21-T06","JointSearchTest;AcceptanceEvidenceTest","指标分层、目标声明、分支复算、扰动协议和策略扩展测试；AT-09、AT-12；只有满足 6.6 正式可行判定的候选进入最终比较","out/test-evidence/wp-21/<run-id>/","D-GATE","D","R2","Planned"
"PILOT-01","P0","试点范围与前置数据签署：§17 清单逐项由业务数据负责人与产品负责人签署，签署件只读、版本化并锁定后续对照口径（对应 WP-25-T01）","WP-25","WP-00","WP-25-T01","pilot-data-signoff-review","试点数据签署件与对照报告的非代码验证（testing-contract §4）；签署件只读且版本化；逐指标对比满足 §15.3 已签署容差，证据边界明确","out/test-evidence/wp-25/<run-id>/","R-GATE","E","R1","Planned"
"PILOT-02","P0","算法与实测对照：软件结果与真实对照按 §15.3 签署容差逐指标对比，趋势/相关性证据边界明确，不得宣称超出数据支持的选型结论（对应 WP-25-T02）","WP-25","WP-24","WP-25-T02","comparison-report-review","试点数据签署件与对照报告的非代码验证（testing-contract §4）；签署件只读且版本化；逐指标对比满足 §15.3 已签署容差，证据边界明确","out/test-evidence/wp-25/<run-id>/","R-GATE","E","R1","Planned"
"REQ-01","P0","定义关键任务点、参考坐标系、TCP、受约束/自由的位姿分量、位置/姿态容差和 Must/Should 等级","WP-14","-","WP-14-T01;WP-14-T03","tcpRef;RequirementsModelTest;validateBudget","搬运任务、部分位姿约束、区域、负载事件黄金数据；AT-02、AT-03、AT-06","out/test-evidence/wp-14/<run-id>/","B-GATE/C-GATE","B/C","R1","Planned"
"REQ-02","P0","定义接近、作业和撤离段，支持沿工具轴或参考轴表达方向与距离","WP-14","-","WP-14-T01;WP-14-T04","tcpRef;RequirementsModelTest;payloadMass","搬运任务、部分位姿约束、区域、负载事件黄金数据；AT-02、AT-03、AT-06","out/test-evidence/wp-14/<run-id>/","B-GATE/C-GATE","B/C","R1","Planned"
"REQ-03","P0","定义 Box 工作区域、位置采样、姿态采样和最低覆盖率","WP-14","-","WP-14-T01;WP-14-T03","tcpRef;RequirementsModelTest;validateBudget","搬运任务、部分位姿约束、区域、负载事件黄金数据；AT-02、AT-03、AT-06","out/test-evidence/wp-14/<run-id>/","B-GATE/C-GATE","B/C","R1","Planned"
"REQ-04","P0","引用环境障碍，并定义负载工况、夹取/释放、驻留、最小关节裕量、碰撞要求和目标节拍","WP-14","-","WP-14-T01;WP-14-T04","tcpRef;RequirementsModelTest;payloadMass","搬运任务、部分位姿约束、区域、负载事件黄金数据；AT-02、AT-03、AT-06","out/test-evidence/wp-14/<run-id>/","B-GATE/C-GATE","B/C","R1","Planned"
"REQ-05","P0","支持 CSV 坐标表导入，提供字段映射、单位预览和逐行错误；CSV 按数据解析，不执行任何公式语义","WP-14","WP-11","WP-14-T01;WP-14-T02;WP-11-T01;WP-11-T02;WP-11-T03;WP-11-T04;WP-11-T05","tcpRef;RequirementsModelTest;CsvIoTest","CSV 错误行和模板批量测试；AT-02，正确行保留、错误字段可定位；公式样式文本不执行且导出安全","out/test-evidence/wp-14/<run-id>/","B-GATE","B","R1","Planned"
"REQ-06","P0","草稿可随时保存；计算前执行就绪校验。区分“部分预览”与“正式运行”：预览只检查有效条目、可定位全部错误行，但不产生正式 Pass、Verified 或报告证据；任一启用的 Must 条目非法时，正式运行就绪状态为“输入未完成”。有效 Must 未满足时判不可行，有效 Should 未满足时给出警告","WP-14","WP-05;WP-12","WP-14-T01;WP-14-T04;WP-14-T05;WP-14-T06;WP-14-T07;WP-12-T01;WP-12-T02;WP-12-T03;WP-12-T04;WP-12-T05;WP-12-T06","tcpRef;RequirementsModelTest;payloadMass","草稿保存、部分预览与正式就绪状态机测试；非法 Must/Should 均不参与计算；预览不产生正式证据","out/test-evidence/wp-14/<run-id>/","B-GATE","B","R1","Planned"
"REQ-07","P1","提供搬运/上下料任务模板、批量阵列生成和重复任务复用","WP-14","-","WP-14-T01;WP-14-T02;WP-14-T07","tcpRef;RequirementsModelTest;CsvIoTest","CSV 错误行和模板批量测试；AT-02，正确行保留、错误字段可定位；公式样式文本不执行且导出安全","out/test-evidence/wp-14/<run-id>/","B-GATE","B","R1","Planned"
"REQ-08","P1","支持在三维场景中创建、拖动和检查目标，但写回前必须确认","WP-14","-","WP-14-T01","tcpRef;RequirementsModelTest","三维编辑事务测试；未应用不失效，应用后按字段依赖失效","out/test-evidence/wp-14/<run-id>/","B-GATE","B","R1","Planned"
"SEL-01","P0","提供版本化电机和减速器 CSV 目录包模板，至少包含清单、型号主表、能力曲线表和兼容关系表，并提供字段字典、版本和来源信息","WP-19","WP-11","WP-19-T01;WP-11-T01;WP-11-T02;WP-11-T03;WP-11-T04;WP-11-T05","CatalogSchemaTest;ViewMatchesColumnDictionary;UnitsAreSiDeclared","目录导入、错误字段、版本锁定和更新测试；AT-08；历史结果不因目录更新改变","out/test-evidence/wp-19/<run-id>/","C-GATE","C","R1","Planned"
"SEL-02","P0","导入 CSV 目录包时校验文件清单、文件间引用、单位、必填字段、型号唯一性和数值范围；能力曲线采用分段线性插值，默认禁止外推","WP-19","WP-11","WP-19-T01;WP-19-T02;WP-11-T01;WP-11-T02;WP-11-T03;WP-11-T04;WP-11-T05","CatalogSchemaTest;ViewMatchesColumnDictionary;UnitsAreSiDeclared","目录导入、错误字段、版本锁定和更新测试；AT-08；历史结果不因目录更新改变","out/test-evidence/wp-19/<run-id>/","C-GATE","C","R1","Planned"
"SEL-03","P0","按连续/峰值转矩、转速、功率、过载持续时间、工作制、电压、温度降额、制动/保持和安全系数筛选电机","WP-19","-","WP-19-T03","ConstraintFilterTest;HardEliminationBeforeMargin;EveryEliminationCarriesCodeValueThreshold","可行/不可行型号与期望裕量黄金表；AT-08；每个淘汰项含实际值和阈值","out/test-evidence/wp-19/<run-id>/","C-GATE","C","R1","Planned"
"SEL-04","P0","按额定/峰值转矩、允许输入转速、速比、效率、回程间隙、寿命、安装方向和允许外载荷筛选减速器","WP-19","-","WP-19-T03","ConstraintFilterTest;HardEliminationBeforeMargin;EveryEliminationCarriesCodeValueThreshold","可行/不可行型号与期望裕量黄金表；AT-08；每个淘汰项含实际值和阈值","out/test-evidence/wp-19/<run-id>/","C-GATE","C","R1","Planned"
"SEL-05","P0","通过共享 `DriveTrainMappingEvaluator`（第 8.5 节冻结契约）校核电机—减速器—负载惯量、组合兼容和每轴工作点；惯量比阈值为可配置工程规则，不作为普适固定硬约束","WP-19","WP-18","WP-19-T04;WP-18-T01;WP-18-T02;WP-18-T03;WP-18-T04;WP-18-T05","MappingCheckTest;UsesSharedEvaluatorForOperatingPoint;InertiaRatioDefaultSoftConstraint","可行/不可行型号与期望裕量黄金表；AT-08；每个淘汰项含实际值和阈值","out/test-evidence/wp-19/<run-id>/","C-GATE","C","R1","Planned"
"SEL-06","P0","输出可行组合、裕量、质量、成本、来源和逐项淘汰原因","WP-19","-","WP-19-T03;WP-19-T05;WP-19-T07","ConstraintFilterTest;SelectionGuiTest;RejectedRowsExposeReasonAndMargin","可行/不可行型号与期望裕量黄金表；AT-08；每个淘汰项含实际值和阈值","out/test-evidence/wp-19/<run-id>/","C-GATE","C","R1","Planned"
"SEL-07","P1","支持企业自定义优选品牌、供应状态和系列限制，但不改变硬能力判定","WP-19","-","WP-19-T03","ConstraintFilterTest;HardEliminationBeforeMargin;EveryEliminationCarriesCodeValueThreshold","可行/不可行型号与期望裕量黄金表；AT-08；每个淘汰项含实际值和阈值","out/test-evidence/wp-19/<run-id>/","C-GATE","C","R1","Planned"
"SEL-08","P1","支持目录差异比较和项目锁定版本，目录更新不应静默改变历史结果","WP-19","-","WP-19-T06;WP-19-T07","CatalogVersionTest;SelectionGuiTest;CatalogVersionIsAlwaysVisible","目录导入、错误字段、版本锁定和更新测试；AT-08；历史结果不因目录更新改变","out/test-evidence/wp-19/<run-id>/","C-GATE","C","R1","Planned"
"SEL-09","P0","首版器件目录与传动映射只支持旋转传动（电机+减速器）；目标链含移动关节时，该轴选型输出明确“范围外”诊断（DataInsufficient），不得静默套用旋转传动；直线传动模板（滚珠丝杠、齿条、同步带、直线电机）列为 P1","WP-19","-","WP-19-T04","MappingCheckTest;UsesSharedEvaluatorForOperatingPoint;InertiaRatioDefaultSoftConstraint","含移动关节目标链的选型阻断测试；AT-08，明确“范围外”诊断，不静默降级","out/test-evidence/wp-19/<run-id>/","C-GATE","C","R1","Planned"
"TASK-01","P0","所有后台任务遵循第 6.4 节状态机，并声明暂停、检查点和强制终止能力","WP-08","-","WP-08-T01;WP-08-T02;WP-08-T03;WP-21-T03;WP-21-T06;WP-23-T02","StateMachineTest;SchedulerContractTest;RequestIdentityTest","状态机逐转移和强制终止测试；A-GATE-05 终止矩阵、第 6.4 节全部合法转移","out/test-evidence/wp-08/<run-id>/","A-GATE-05","A","R1","Planned"
"TASK-02","P0","执行结果只允许第 6.4 节合法组合，取消/失败/中断结果不得进入正式报告或可行集","WP-08","-","WP-08-T01;WP-08-T02;WP-08-T03;WP-21-T06","StateMachineTest;SchedulerContractTest;RequestIdentityTest","outcome/engineeringStatus/payload 组合参数化测试；非法组合在构造边界被拒绝","out/test-evidence/wp-08/<run-id>/","A-GATE-01～07","A","R1","Planned"
"TASK-03","P0","请求和完成事件携带项目、分支、修订、运行和尝试身份，旧任务不得成为其他会话的当前结果","WP-08","-","WP-08-T01;WP-08-T02;WP-08-T03;WP-21-T06;WP-23-T02","StateMachineTest;SchedulerContractTest;RequestIdentityTest","分支切换、并发重试和迟到回调测试；A-GATE-03、AT-10，错误当前结果写入为 0","out/test-evidence/wp-08/<run-id>/","A-GATE-03","A","R1","Planned"
"TRJ-01","P0","支持关节空间点到点路径和由任务点组成的有序作业序列","WP-16","-","WP-16-T01;WP-16-T06","PtpSegmentFromOrderedTaskSequence;CartesianLineApproachRetreatSegments;DwellSegmentCarriesDurationAndLoadCaseRef","点到点、笛卡尔接近和避障基准；AT-06，失败段与诊断可定位","out/test-evidence/wp-16/<run-id>/","C-GATE","C","R1","Planned"
"TRJ-02","P0","支持笛卡尔直线接近/撤离段，并对沿途 IK 连续性进行检查","WP-16","-","WP-16-T01;WP-16-T06","PtpSegmentFromOrderedTaskSequence;CartesianLineApproachRetreatSegments;DwellSegmentCarriesDurationAndLoadCaseRef","点到点、笛卡尔接近和避障基准；AT-06，失败段与诊断可定位","out/test-evidence/wp-16/<run-id>/","C-GATE","C","R1","Planned"
"TRJ-03","P0","调用 RobWork 规划器完成避障路径搜索，规划器与参数可配置","WP-16","-","WP-16-T02;WP-16-T06","PlannerVersionParamsSeedRecordedInSnapshot;ConstraintConstructionOnlyViaWp07Projection;NoPathReportsSegmentAndEndpoints","点到点、笛卡尔接近和避障基准；AT-06，失败段与诊断可定位","out/test-evidence/wp-16/<run-id>/","C-GATE","C","R1","Planned"
"TRJ-04","P0","对路径进行简化和平滑；平滑后必须按第 15.3 节冻结的碰撞验证协议（自适应细分离散检测、安全距离、允许接触对与分辨率入快照）重新验证碰撞与关节限制","WP-16","WP-07","WP-16-T03;WP-16-T04;WP-16-T06;WP-07-T01;WP-07-T02;WP-07-T03","SimplifierRemovesZeroDisplacementAndCollinearWaypoints;SimplifierKeepsTaskPointSemantics;QuinticSplineMatchesC2AtKnots","平滑复检（碰撞验证协议）、连续性和时间参数化测试；AT-06、第 15.3 节轨迹/碰撞协议","out/test-evidence/wp-16/<run-id>/","C-GATE","C","R1","Planned"
"TRJ-05","P0","使用至少加速度连续的运动律按关节速度、加速度限制进行时间参数化，输出总节拍和分段时间","WP-16","-","WP-16-T03;WP-16-T06","SimplifierRemovesZeroDisplacementAndCollinearWaypoints;SimplifierKeepsTaskPointSemantics;QuinticSplineMatchesC2AtKnots","平滑复检（碰撞验证协议）、连续性和时间参数化测试；AT-06、第 15.3 节轨迹/碰撞协议","out/test-evidence/wp-16/<run-id>/","C-GATE","C","R1","Planned"
"TRJ-06","P0","对无路径、分支跳变、奇异邻域和限制超标给出具体段落与原因","WP-16","-","WP-16-T05;WP-16-T06","ResolvedIkBranchSequenceRecordsAdoptedSolutions;TrajectoryPlanPayloadCompletePerSchemaV1;EnvelopePassesLegalCombinationValidation","平滑复检（碰撞验证协议）、连续性和时间参数化测试；AT-06、第 15.3 节轨迹/碰撞协议","out/test-evidence/wp-16/<run-id>/","C-GATE","C","R1","Planned"
"TRJ-07","P1","支持轨迹动画、曲线查看、路点局部重规划和标准轨迹导出","WP-16","WP-10","WP-16-T05;WP-16-T07;WP-10-T02","TrajectoryGuiTest;SegmentTableColumnsMatchSpecification;CurveSelectionSyncsSceneWithoutCommit","动画、导出及扩展点架构测试；AT-04；首版不得出现空占位功能","out/test-evidence/wp-16/<run-id>/","C-GATE","C/后续","R1","Planned"
"TRJ-08","P1","后续实现 jerk 上限、工艺速度和连续工艺轨迹；首版只保持评估接口可扩展，不创建空字段、空页面或占位模块","WP-16","-","WP-16-T01","PtpSegmentFromOrderedTaskSequence;CartesianLineApproachRetreatSegments;DwellSegmentCarriesDurationAndLoadCaseRef","动画、导出及扩展点架构测试；AT-04；首版不得出现空占位功能","out/test-evidence/wp-16/<run-id>/","C-GATE","C/后续","R1","Planned"
"UX-01","P0","首次进入阶段时显示目标、必需输入、当前问题和下一步操作","WP-10","WP-22","WP-10-T01;WP-10-T02;WP-10-T03;WP-10-T06;WP-13-T08;WP-14-T07;WP-16-T07;WP-17-T07;WP-19-T07;WP-20-T07;WP-21-T07;WP-22-T01;WP-22-T02;WP-22-T04;WP-22-T05;WP-22-T06;WP-25-T03","WorkbenchShellGuiTest;TrajectoryGuiTest;DynamicsGuiTest;SelectionGuiTest;JointOptimizationGuiTest;ProjectEntryModelTest","至少 5 名目标用户的任务测试与 GUI 回归；主流程完成率不低于 80%；会话操作无冻结提示；计算策略与显示开关不混淆","out/test-evidence/wp-10/<run-id>/","B-GATE/C-GATE/D-GATE/R-GATE","B～E","R1","Planned"
"UX-02","P0","主操作使用“检查”“计算”“重新计算”“比较方案”等工程用语，不显示哈希、Schema 或内部插件名","WP-10","WP-22","WP-10-T01;WP-10-T02;WP-10-T03;WP-10-T05;WP-10-T06;WP-09-T02;WP-13-T08;WP-14-T07;WP-16-T07;WP-17-T07;WP-19-T07;WP-20-T07;WP-21-T07;WP-22-T04;WP-22-T05;WP-22-T06;WP-25-T03","WorkbenchShellGuiTest;TrajectoryGuiTest;DynamicsGuiTest;SelectionGuiTest;JointOptimizationGuiTest;ProjectEntryModelTest","至少 5 名目标用户的任务测试与 GUI 回归；主流程完成率不低于 80%；会话操作无冻结提示；计算策略与显示开关不混淆","out/test-evidence/wp-10/<run-id>/","B-GATE/C-GATE/D-GATE/R-GATE","B～E","R1","Planned"
"UX-03","P0","每个失败提示至少包含对象、实际值、要求值、原因和建议动作","WP-09","WP-10;WP-22","WP-09-T01;WP-09-T02;WP-09-T03;WP-10-T01;WP-10-T02;WP-10-T03;WP-10-T06;WP-13-T08;WP-14-T07;WP-16-T07;WP-17-T07;WP-19-T07;WP-20-T07;WP-21-T07;WP-22-T02;WP-22-T04;WP-22-T05;WP-22-T06;WP-25-T03","DiagnosticSchemaTest;WorkbenchShellGuiTest;TrajectoryGuiTest;DynamicsGuiTest;SelectionGuiTest;JointOptimizationGuiTest;ProjectEntryModelTest","至少 5 名目标用户的任务测试与 GUI 回归；主流程完成率不低于 80%；会话操作无冻结提示；计算策略与显示开关不混淆","out/test-evidence/wp-09/<run-id>/","B-GATE/C-GATE/D-GATE/R-GATE","B～E","R1","Planned"
"UX-04","P0","高级面板承载求解器、采样、随机种子和开发诊断，不影响默认工作流理解","WP-10","WP-22","WP-10-T01;WP-10-T02;WP-10-T03;WP-10-T06;WP-13-T08;WP-14-T07;WP-16-T07;WP-17-T07;WP-19-T07;WP-20-T07;WP-21-T07;WP-22-T05;WP-22-T06;WP-25-T03","WorkbenchShellGuiTest;TrajectoryGuiTest;DynamicsGuiTest;SelectionGuiTest;JointOptimizationGuiTest;ProjectEntryModelTest","至少 5 名目标用户的任务测试与 GUI 回归；主流程完成率不低于 80%；会话操作无冻结提示；计算策略与显示开关不混淆","out/test-evidence/wp-10/<run-id>/","B-GATE/C-GATE/D-GATE/R-GATE","B～E","R1","Planned"
"UX-05","P0","参数表支持批量粘贴、筛选、单位显示和错误定位，不用模态对话框完成大量重复编辑","WP-10","WP-22","WP-10-T01;WP-10-T02;WP-10-T03;WP-10-T06;WP-13-T08;WP-14-T07;WP-16-T07;WP-17-T07;WP-19-T07;WP-20-T07;WP-21-T07;WP-22-T05;WP-22-T06;WP-25-T03","WorkbenchShellGuiTest;TrajectoryGuiTest;DynamicsGuiTest;SelectionGuiTest;JointOptimizationGuiTest;ProjectEntryModelTest","至少 5 名目标用户的任务测试与 GUI 回归；主流程完成率不低于 80%；会话操作无冻结提示；计算策略与显示开关不混淆","out/test-evidence/wp-10/<run-id>/","B-GATE/C-GATE/D-GATE/R-GATE","B～E","R1","Planned"
"UX-06","P0","三维颜色、列表状态和详情诊断使用统一状态词和图例","WP-10","WP-22","WP-10-T01;WP-10-T02;WP-10-T05;WP-10-T06;WP-09-T02;WP-09-T04;WP-13-T08;WP-14-T07;WP-16-T07;WP-17-T07;WP-19-T07;WP-20-T07;WP-21-T07;WP-22-T01;WP-22-T02;WP-22-T03;WP-22-T05;WP-25-T03","WorkbenchShellGuiTest;TrajectoryGuiTest;DynamicsGuiTest;SelectionGuiTest;JointOptimizationGuiTest","至少 5 名目标用户的任务测试与 GUI 回归；主流程完成率不低于 80%；会话操作无冻结提示；计算策略与显示开关不混淆","out/test-evidence/wp-10/<run-id>/","B-GATE/C-GATE/D-GATE/R-GATE","B～E","R1","Planned"
"UX-07","P0","表单级应用设计修改时确认；仅改变会话显示的操作不弹出保存或冻结提示","WP-10","WP-22","WP-10-T01;WP-10-T02;WP-10-T06;WP-13-T08;WP-14-T07;WP-16-T07;WP-17-T07;WP-19-T07;WP-20-T07;WP-21-T07;WP-22-T05;WP-25-T03","WorkbenchShellGuiTest;TrajectoryGuiTest;DynamicsGuiTest;SelectionGuiTest;JointOptimizationGuiTest","至少 5 名目标用户的任务测试与 GUI 回归；主流程完成率不低于 80%；会话操作无冻结提示；计算策略与显示开关不混淆","out/test-evidence/wp-10/<run-id>/","B-GATE/C-GATE/D-GATE/R-GATE","B～E","R1","Planned"
"UX-08","P0","提供统一“工程策略”入口；各插件只显示当前碰撞等共享策略摘要与跳转入口。碰撞计算开关与“显示碰撞几何/高亮”等会话显示开关必须分组、异名并说明影响范围，避免用户误认为二者等价","WP-07","WP-10;WP-22","WP-07-T01;WP-10-T01;WP-10-T02;WP-10-T04;WP-10-T06;WP-13-T08;WP-14-T07;WP-16-T07;WP-17-T07;WP-19-T07;WP-20-T07;WP-21-T07;WP-22-T05;WP-25-T03","PolicyNormalizationTest;WorkbenchShellGuiTest;TrajectoryGuiTest;DynamicsGuiTest;SelectionGuiTest;JointOptimizationGuiTest","至少 5 名目标用户的任务测试与 GUI 回归；主流程完成率不低于 80%；会话操作无冻结提示；计算策略与显示开关不混淆","out/test-evidence/wp-07/<run-id>/","B-GATE/C-GATE/D-GATE/R-GATE","B～E","R1","Planned"
